id,firstName,lastName,address,city,telephone
1,Liam,Taylor,1 Example St,Leeds,7000000001
2,David,Walker,2 Example St,Manchester,7000000002
3,John,Thomas,3 Example St,Birmingham,7000000003
4,Sophia,Davies,4 Example St,Manchester,7000000004
5,Liam,Smith,5 Example St,Sheffield,7000000005
6,Noah,Brown,6 Example St,Manchester,7000000006
7,Emma,Davies,7 Example St,Liverpool,7000000007
8,David,Thomas,8 Example St,Sheffield,7000000008
9,John,Thomas,9 Example St,Liverpool,7000000009
10,Mark,Roberts,10 Example St,Birmingham,7000000010
11,Mark,Smith,11 Example St,London,7000000011
12,Liam,Wilson,12 Example St,Sheffield,7000000012
13,Olivia,Johnson,13 Example St,Leeds,7000000013
14,Jane,Davies,14 Example St,Sheffield,7000000014
15,Olivia,Wilson,15 Example St,Manchester,7000000015
16,Jane,Walker,16 Example St,London,7000000016
17,Noah,Thomas,17 Example St,Leeds,7000000017
18,Liam,Johnson,18 Example St,Manchester,7000000018
19,Emma,Johnson,19 Example St,Manchester,7000000019
20,Liam,Thomas,20 Example St,Leeds,7000000020
21,David,Brown,21 Example St,Sheffield,7000000021
22,Emma,Roberts,22 Example St,Manchester,7000000022
23,David,Davies,23 Example St,Birmingham,7000000023
24,Noah,Taylor,24 Example St,Leeds,7000000024
25,Olivia,Wilson,25 Example St,Manchester,7000000025
26,Sophia,Wilson,26 Example St,Liverpool,7000000026
27,Mark,Walker,27 Example St,London,7000000027
28,Olivia,Roberts,28 Example St,Birmingham,7000000028
29,Emma,Thomas,29 Example St,Liverpool,7000000029
30,Liam,Johnson,30 Example St,London,7000000030
31,Noah,Smith,31 Example St,Birmingham,7000000031
32,John,Wilson,32 Example St,London,7000000032
33,Liam,Brown,33 Example St,Manchester,7000000033
34,David,Thomas,34 Example St,Birmingham,7000000034
35,Alice,Smith,35 Example St,Leeds,7000000035
36,Emma,Wilson,36 Example St,Manchester,7000000036
37,Jane,Wilson,37 Example St,Birmingham,7000000037
38,Alice,Taylor,38 Example St,Manchester,7000000038
39,Sophia,Thomas,39 Example St,Manchester,7000000039
40,Olivia,Wilson,40 Example St,Birmingham,7000000040
41,John,Evans,41 Example St,Leeds,7000000041
42,Alice,Davies,42 Example St,Birmingham,7000000042
43,Liam,Johnson,43 Example St,Leeds,7000000043
44,Mark,Roberts,44 Example St,London,7000000044
45,Alice,Wilson,45 Example St,Birmingham,7000000045
46,Jane,Brown,46 Example St,Birmingham,7000000046
47,Mark,Evans,47 Example St,Birmingham,7000000047
48,Noah,Walker,48 Example St,Sheffield,7000000048
49,Jane,Johnson,49 Example St,Liverpool,7000000049
50,Noah,Wilson,50 Example St,Leeds,7000000050
51,John,Wilson,51 Example St,Manchester,7000000051
52,John,Walker,52 Example St,Leeds,7000000052
53,Sophia,Davies,53 Example St,Sheffield,7000000053
54,John,Roberts,54 Example St,London,7000000054
55,Emma,Roberts,55 Example St,London,7000000055
56,Noah,Evans,56 Example St,Sheffield,7000000056
57,Olivia,Johnson,57 Example St,Manchester,7000000057
58,David,Thomas,58 Example St,Leeds,7000000058
59,Emma,Thomas,59 Example St,Sheffield,7000000059
60,Emma,Evans,60 Example St,Liverpool,7000000060
61,Emma,Smith,61 Example St,Liverpool,7000000061
62,John,Thomas,62 Example St,Manchester,7000000062
63,Mark,Thomas,63 Example St,Sheffield,7000000063
64,Olivia,Taylor,64 Example St,London,7000000064
65,Sophia,Evans,65 Example St,London,7000000065
66,Liam,Davies,66 Example St,Birmingham,7000000066
67,Mark,Roberts,67 Example St,Manchester,7000000067
68,David,Thomas,68 Example St,Manchester,7000000068
69,Alice,Taylor,69 Example St,Liverpool,7000000069
70,Mark,Roberts,70 Example St,Birmingham,7000000070
71,Jane,Walker,71 Example St,Birmingham,7000000071
72,John,Evans,72 Example St,Leeds,7000000072
73,John,Evans,73 Example St,Manchester,7000000073
74,David,Walker,74 Example St,Sheffield,7000000074
75,John,Brown,75 Example St,London,7000000075
76,John,Evans,76 Example St,Manchester,7000000076
77,Jane,Thomas,77 Example St,Sheffield,7000000077
78,Alice,Wilson,78 Example St,Birmingham,7000000078
79,Liam,Davies,79 Example St,Birmingham,7000000079
80,Alice,Davies,80 Example St,London,7000000080
81,John,Smith,81 Example St,Manchester,7000000081
82,Olivia,Brown,82 Example St,Manchester,7000000082
83,Noah,Smith,83 Example St,London,7000000083
84,Olivia,Evans,84 Example St,Birmingham,7000000084
85,John,Walker,85 Example St,London,7000000085
86,Liam,Taylor,86 Example St,Birmingham,7000000086
87,Noah,Evans,87 Example St,Birmingham,7000000087
88,Olivia,Brown,88 Example St,Sheffield,7000000088
89,John,Brown,89 Example St,Birmingham,7000000089
90,Olivia,Smith,90 Example St,Sheffield,7000000090
91,Jane,Wilson,91 Example St,Manchester,7000000091
92,Olivia,Evans,92 Example St,London,7000000092
93,Emma,Brown,93 Example St,Leeds,7000000093
94,John,Taylor,94 Example St,Leeds,7000000094
95,Jane,Wilson,95 Example St,Liverpool,7000000095
96,John,Brown,96 Example St,Leeds,7000000096
97,John,Wilson,97 Example St,Manchester,7000000097
98,Olivia,Smith,98 Example St,Manchester,7000000098
99,David,Evans,99 Example St,Sheffield,7000000099
100,Liam,Johnson,100 Example St,London,7000000100
101,Jane,Brown,101 Example St,Liverpool,7000000101
102,Mark,Walker,102 Example St,Liverpool,7000000102
103,Sophia,Evans,103 Example St,Liverpool,7000000103
104,David,Smith,104 Example St,Liverpool,7000000104
105,Noah,Evans,105 Example St,London,7000000105
106,John,Smith,106 Example St,Birmingham,7000000106
107,Sophia,Brown,107 Example St,Sheffield,7000000107
108,Liam,Walker,108 Example St,Liverpool,7000000108
109,Noah,Brown,109 Example St,Birmingham,7000000109
110,Noah,Johnson,110 Example St,Leeds,7000000110
111,Sophia,Evans,111 Example St,Leeds,7000000111
112,Emma,Taylor,112 Example St,Birmingham,7000000112
113,Jane,Johnson,113 Example St,London,7000000113
114,Emma,Thomas,114 Example St,Leeds,7000000114
115,John,Walker,115 Example St,Sheffield,7000000115
116,Noah,Evans,116 Example St,Manchester,7000000116
117,Jane,Thomas,117 Example St,Leeds,7000000117
118,Sophia,Smith,118 Example St,Sheffield,7000000118
119,Noah,Roberts,119 Example St,Leeds,7000000119
120,Alice,Smith,120 Example St,London,7000000120
121,Noah,Smith,121 Example St,Manchester,7000000121
122,Jane,Taylor,122 Example St,London,7000000122
123,Jane,Wilson,123 Example St,Liverpool,7000000123
124,Emma,Johnson,124 Example St,Sheffield,7000000124
125,Mark,Taylor,125 Example St,Liverpool,7000000125
126,Noah,Wilson,126 Example St,Birmingham,7000000126
127,Liam,Roberts,127 Example St,Leeds,7000000127
128,Olivia,Davies,128 Example St,Birmingham,7000000128
129,David,Taylor,129 Example St,London,7000000129
130,David,Davies,130 Example St,Manchester,7000000130
131,John,Johnson,131 Example St,Birmingham,7000000131
132,David,Davies,132 Example St,Birmingham,7000000132
133,Noah,Walker,133 Example St,Birmingham,7000000133
134,Emma,Thomas,134 Example St,London,7000000134
135,Liam,Smith,135 Example St,London,7000000135
136,John,Davies,136 Example St,Manchester,7000000136
137,Emma,Walker,137 Example St,Liverpool,7000000137
138,Emma,Brown,138 Example St,London,7000000138
139,Liam,Johnson,139 Example St,Sheffield,7000000139
140,Mark,Smith,140 Example St,Sheffield,7000000140
141,Liam,Taylor,141 Example St,Sheffield,7000000141
142,David,Wilson,142 Example St,Manchester,7000000142
143,Emma,Thomas,143 Example St,Sheffield,7000000143
144,David,Johnson,144 Example St,Manchester,7000000144
145,Liam,Evans,145 Example St,Sheffield,7000000145
146,Mark,Walker,146 Example St,London,7000000146
147,Liam,Smith,147 Example St,Liverpool,7000000147
148,John,Evans,148 Example St,Liverpool,7000000148
149,Alice,Johnson,149 Example St,Sheffield,7000000149
150,Noah,Walker,150 Example St,Sheffield,7000000150
151,Jane,Davies,151 Example St,Liverpool,7000000151
152,Liam,Walker,152 Example St,Manchester,7000000152
153,Sophia,Brown,153 Example St,Sheffield,7000000153
154,Noah,Davies,154 Example St,Manchester,7000000154
155,Emma,Evans,155 Example St,Manchester,7000000155
156,Jane,Brown,156 Example St,Birmingham,7000000156
157,Alice,Smith,157 Example St,London,7000000157
158,Jane,Roberts,158 Example St,Liverpool,7000000158
159,Sophia,Johnson,159 Example St,London,7000000159
160,Sophia,Thomas,160 Example St,Leeds,7000000160
161,Noah,Evans,161 Example St,Liverpool,7000000161
162,Sophia,Walker,162 Example St,Liverpool,7000000162
163,Mark,Thomas,163 Example St,London,7000000163
164,Liam,Walker,164 Example St,Birmingham,7000000164
165,Emma,Taylor,165 Example St,Birmingham,7000000165
166,Olivia,Thomas,166 Example St,Birmingham,7000000166
167,Sophia,Johnson,167 Example St,Birmingham,7000000167
168,Liam,Walker,168 Example St,Sheffield,7000000168
169,John,Brown,169 Example St,Leeds,7000000169
170,Alice,Roberts,170 Example St,Leeds,7000000170
171,Mark,Wilson,171 Example St,Sheffield,7000000171
172,Mark,Brown,172 Example St,Liverpool,7000000172
173,Emma,Smith,173 Example St,London,7000000173
174,Olivia,Roberts,174 Example St,London,7000000174
175,Jane,Wilson,175 Example St,Birmingham,7000000175
176,Olivia,Smith,176 Example St,Birmingham,7000000176
177,David,Thomas,177 Example St,London,7000000177
178,Liam,Smith,178 Example St,Manchester,7000000178
179,Noah,Thomas,179 Example St,Liverpool,7000000179
180,John,Thomas,180 Example St,Sheffield,7000000180
181,Emma,Evans,181 Example St,Birmingham,7000000181
182,Noah,Thomas,182 Example St,Manchester,7000000182
183,John,Smith,183 Example St,Sheffield,7000000183
184,Mark,Smith,184 Example St,Birmingham,7000000184
185,Noah,Evans,185 Example St,Sheffield,7000000185
186,Olivia,Brown,186 Example St,London,7000000186
187,David,Roberts,187 Example St,Birmingham,7000000187
188,Alice,Davies,188 Example St,Manchester,7000000188
189,Alice,Johnson,189 Example St,Sheffield,7000000189
190,Liam,Evans,190 Example St,Sheffield,7000000190
191,Jane,Thomas,191 Example St,Leeds,7000000191
192,David,Taylor,192 Example St,Birmingham,7000000192
193,Noah,Thomas,193 Example St,London,7000000193
194,John,Johnson,194 Example St,Leeds,7000000194
195,Olivia,Taylor,195 Example St,Liverpool,7000000195
196,Olivia,Roberts,196 Example St,Manchester,7000000196
197,Olivia,Brown,197 Example St,Birmingham,7000000197
198,Liam,Johnson,198 Example St,London,7000000198
199,Alice,Johnson,199 Example St,Sheffield,7000000199
200,Emma,Brown,200 Example St,Liverpool,7000000200
201,Emma,Johnson,201 Example St,Liverpool,7000000201
202,Liam,Roberts,202 Example St,Sheffield,7000000202
203,John,Johnson,203 Example St,Leeds,7000000203
204,Liam,Wilson,204 Example St,London,7000000204
205,John,Evans,205 Example St,London,7000000205
206,John,Johnson,206 Example St,Leeds,7000000206
207,Jane,Smith,207 Example St,Manchester,7000000207
208,Alice,Taylor,208 Example St,Liverpool,7000000208
209,Mark,Johnson,209 Example St,Liverpool,7000000209
210,John,Wilson,210 Example St,Manchester,7000000210
211,Sophia,Thomas,211 Example St,Leeds,7000000211
212,Olivia,Walker,212 Example St,Liverpool,7000000212
213,Olivia,Wilson,213 Example St,Manchester,7000000213
214,Mark,Evans,214 Example St,London,7000000214
215,David,Wilson,215 Example St,Birmingham,7000000215
216,Mark,Wilson,216 Example St,Leeds,7000000216
217,Sophia,Thomas,217 Example St,Birmingham,7000000217
218,Emma,Wilson,218 Example St,Birmingham,7000000218
219,Mark,Evans,219 Example St,Liverpool,7000000219
220,Jane,Johnson,220 Example St,London,7000000220
221,Jane,Brown,221 Example St,London,7000000221
222,David,Thomas,222 Example St,London,7000000222
223,Emma,Thomas,223 Example St,London,7000000223
224,Liam,Walker,224 Example St,London,7000000224
225,Emma,Thomas,225 Example St,Manchester,7000000225
226,Sophia,Johnson,226 Example St,Leeds,7000000226
227,Noah,Walker,227 Example St,Birmingham,7000000227
228,Sophia,Walker,228 Example St,Birmingham,7000000228
229,Jane,Brown,229 Example St,Manchester,7000000229
230,Olivia,Thomas,230 Example St,Liverpool,7000000230
231,Liam,Evans,231 Example St,London,7000000231
232,Alice,Roberts,232 Example St,Sheffield,7000000232
233,John,Thomas,233 Example St,Birmingham,7000000233
234,Jane,Davies,234 Example St,Leeds,7000000234
235,Alice,Johnson,235 Example St,Sheffield,7000000235
236,Jane,Roberts,236 Example St,Birmingham,7000000236
237,Emma,Brown,237 Example St,Sheffield,7000000237
238,Noah,Wilson,238 Example St,London,7000000238
239,Noah,Walker,239 Example St,Leeds,7000000239
240,Sophia,Brown,240 Example St,Leeds,7000000240
241,John,Walker,241 Example St,Sheffield,7000000241
242,Jane,Taylor,242 Example St,Birmingham,7000000242
243,David,Smith,243 Example St,Sheffield,7000000243
244,Alice,Wilson,244 Example St,London,7000000244
245,John,Wilson,245 Example St,Leeds,7000000245
246,John,Wilson,246 Example St,Leeds,7000000246
247,Mark,Roberts,247 Example St,Sheffield,7000000247
248,Alice,Roberts,248 Example St,Sheffield,7000000248
249,Emma,Smith,249 Example St,Manchester,7000000249
250,Olivia,Brown,250 Example St,London,7000000250
251,Noah,Brown,251 Example St,Leeds,7000000251
252,Alice,Thomas,252 Example St,Leeds,7000000252
253,Jane,Smith,253 Example St,Leeds,7000000253
254,John,Smith,254 Example St,Sheffield,7000000254
255,John,Evans,255 Example St,Birmingham,7000000255
256,Sophia,Thomas,256 Example St,Birmingham,7000000256
257,David,Taylor,257 Example St,Manchester,7000000257
258,Olivia,Roberts,258 Example St,London,7000000258
259,John,Brown,259 Example St,Leeds,7000000259
260,Noah,Thomas,260 Example St,Liverpool,7000000260
261,John,Smith,261 Example St,Liverpool,7000000261
262,Emma,Davies,262 Example St,Leeds,7000000262
263,Noah,Johnson,263 Example St,Leeds,7000000263
264,Mark,Wilson,264 Example St,Liverpool,7000000264
265,Noah,Evans,265 Example St,Manchester,7000000265
266,David,Johnson,266 Example St,Liverpool,7000000266
267,Jane,Wilson,267 Example St,Birmingham,7000000267
268,Alice,Smith,268 Example St,Birmingham,7000000268
269,Olivia,Roberts,269 Example St,Leeds,7000000269
270,David,Wilson,270 Example St,Leeds,7000000270
271,Alice,Taylor,271 Example St,Manchester,7000000271
272,Emma,Thomas,272 Example St,Liverpool,7000000272
273,Sophia,Evans,273 Example St,Leeds,7000000273
274,Liam,Walker,274 Example St,Sheffield,7000000274
275,Alice,Thomas,275 Example St,London,7000000275
276,Mark,Evans,276 Example St,London,7000000276
277,David,Roberts,277 Example St,Birmingham,7000000277
278,Olivia,Taylor,278 Example St,Sheffield,7000000278
279,Olivia,Johnson,279 Example St,Sheffield,7000000279
280,Olivia,Brown,280 Example St,Sheffield,7000000280
281,Emma,Smith,281 Example St,London,7000000281
282,Sophia,Taylor,282 Example St,Manchester,7000000282
283,Sophia,Taylor,283 Example St,London,7000000283
284,Jane,Brown,284 Example St,London,7000000284
285,Sophia,Davies,285 Example St,Liverpool,7000000285
286,David,Walker,286 Example St,Sheffield,7000000286
287,Jane,Johnson,287 Example St,London,7000000287
288,Emma,Davies,288 Example St,London,7000000288
289,Sophia,Thomas,289 Example St,Sheffield,7000000289
290,John,Brown,290 Example St,Birmingham,7000000290
291,Noah,Brown,291 Example St,Liverpool,7000000291
292,Liam,Johnson,292 Example St,Manchester,7000000292
293,Mark,Brown,293 Example St,Birmingham,7000000293
294,Alice,Evans,294 Example St,Manchester,7000000294
295,Mark,Roberts,295 Example St,Sheffield,7000000295
296,Emma,Thomas,296 Example St,Manchester,7000000296
297,Alice,Brown,297 Example St,Liverpool,7000000297
298,David,Roberts,298 Example St,Liverpool,7000000298
299,Noah,Davies,299 Example St,Leeds,7000000299
300,Sophia,Johnson,300 Example St,Manchester,7000000300
301,Emma,Brown,301 Example St,London,7000000301
302,Sophia,Smith,302 Example St,Liverpool,7000000302
303,Alice,Evans,303 Example St,Leeds,7000000303
304,Alice,Thomas,304 Example St,Liverpool,7000000304
305,Jane,Evans,305 Example St,Leeds,7000000305
306,Alice,Davies,306 Example St,Liverpool,7000000306
307,Noah,Brown,307 Example St,Birmingham,7000000307
308,Liam,Evans,308 Example St,London,7000000308
309,David,Thomas,309 Example St,Liverpool,7000000309
310,Noah,Evans,310 Example St,Liverpool,7000000310
311,Sophia,Davies,311 Example St,London,7000000311
312,Sophia,Brown,312 Example St,Sheffield,7000000312
313,Sophia,Johnson,313 Example St,Sheffield,7000000313
314,John,Thomas,314 Example St,Leeds,7000000314
315,Olivia,Evans,315 Example St,Manchester,7000000315
316,Liam,Thomas,316 Example St,Leeds,7000000316
317,Alice,Walker,317 Example St,Manchester,7000000317
318,Olivia,Taylor,318 Example St,Liverpool,7000000318
319,Alice,Davies,319 Example St,Sheffield,7000000319
320,Emma,Wilson,320 Example St,London,7000000320
321,Liam,Smith,321 Example St,Birmingham,7000000321
322,Noah,Roberts,322 Example St,Birmingham,7000000322
323,John,Davies,323 Example St,London,7000000323
324,Mark,Smith,324 Example St,Sheffield,7000000324
325,Jane,Smith,325 Example St,London,7000000325
326,Liam,Roberts,326 Example St,Manchester,7000000326
327,Noah,Taylor,327 Example St,Birmingham,7000000327
328,Alice,Thomas,328 Example St,Sheffield,7000000328
329,Jane,Evans,329 Example St,Manchester,7000000329
330,Alice,Thomas,330 Example St,London,7000000330
331,John,Smith,331 Example St,London,7000000331
332,Alice,Wilson,332 Example St,Sheffield,7000000332
333,Emma,Thomas,333 Example St,Manchester,7000000333
334,David,Brown,334 Example St,Birmingham,7000000334
335,Sophia,Roberts,335 Example St,Manchester,7000000335
336,Olivia,Smith,336 Example St,Manchester,7000000336
337,John,Davies,337 Example St,Manchester,7000000337
338,Alice,Roberts,338 Example St,Leeds,7000000338
339,Noah,Walker,339 Example St,Birmingham,7000000339
340,John,Roberts,340 Example St,Manchester,7000000340
341,Emma,Evans,341 Example St,London,7000000341
342,Olivia,Taylor,342 Example St,Birmingham,7000000342
343,Sophia,Walker,343 Example St,Sheffield,7000000343
344,Noah,Brown,344 Example St,Manchester,7000000344
345,Liam,Taylor,345 Example St,Birmingham,7000000345
346,Alice,Evans,346 Example St,Liverpool,7000000346
347,Alice,Evans,347 Example St,Manchester,7000000347
348,Noah,Smith,348 Example St,Liverpool,7000000348
349,Alice,Evans,349 Example St,London,7000000349
350,Emma,Taylor,350 Example St,Sheffield,7000000350
351,Olivia,Taylor,351 Example St,Leeds,7000000351
352,Alice,Brown,352 Example St,Sheffield,7000000352
353,Emma,Johnson,353 Example St,London,7000000353
354,Liam,Wilson,354 Example St,Sheffield,7000000354
355,Emma,Davies,355 Example St,Leeds,7000000355
356,David,Thomas,356 Example St,Birmingham,7000000356
357,Alice,Evans,357 Example St,Sheffield,7000000357
358,Alice,Walker,358 Example St,London,7000000358
359,Alice,Davies,359 Example St,London,7000000359
360,David,Roberts,360 Example St,Leeds,7000000360
361,Emma,Walker,361 Example St,Leeds,7000000361
362,Emma,Johnson,362 Example St,Manchester,7000000362
363,Emma,Taylor,363 Example St,Sheffield,7000000363
364,Sophia,Taylor,364 Example St,Manchester,7000000364
365,John,Smith,365 Example St,Manchester,7000000365
366,Olivia,Wilson,366 Example St,Leeds,7000000366
367,Mark,Walker,367 Example St,Birmingham,7000000367
368,John,Roberts,368 Example St,London,7000000368
369,Mark,Brown,369 Example St,Birmingham,7000000369
370,John,Davies,370 Example St,Liverpool,7000000370
371,Alice,Davies,371 Example St,Sheffield,7000000371
372,Sophia,Davies,372 Example St,London,7000000372
373,Sophia,Smith,373 Example St,Manchester,7000000373
374,Jane,Johnson,374 Example St,Sheffield,7000000374
375,Liam,Walker,375 Example St,Manchester,7000000375
376,Alice,Johnson,376 Example St,London,7000000376
377,David,Walker,377 Example St,Manchester,7000000377
378,Noah,Taylor,378 Example St,Birmingham,7000000378
379,Mark,Evans,379 Example St,Leeds,7000000379
380,Alice,Taylor,380 Example St,London,7000000380
381,Jane,Walker,381 Example St,London,7000000381
382,David,Johnson,382 Example St,Birmingham,7000000382
383,John,Wilson,383 Example St,London,7000000383
384,David,Walker,384 Example St,Manchester,7000000384
385,Jane,Taylor,385 Example St,Liverpool,7000000385
386,Mark,Davies,386 Example St,Leeds,7000000386
387,David,Roberts,387 Example St,Birmingham,7000000387
388,Jane,Evans,388 Example St,Liverpool,7000000388
389,Sophia,Walker,389 Example St,Liverpool,7000000389
390,Sophia,Johnson,390 Example St,Liverpool,7000000390
391,Liam,Roberts,391 Example St,Leeds,7000000391
392,Mark,Thomas,392 Example St,Manchester,7000000392
393,Liam,Wilson,393 Example St,Birmingham,7000000393
394,Sophia,Thomas,394 Example St,Manchester,7000000394
395,Jane,Davies,395 Example St,Leeds,7000000395
396,Noah,Brown,396 Example St,London,7000000396
397,Noah,Taylor,397 Example St,Manchester,7000000397
398,Emma,Taylor,398 Example St,London,7000000398
399,Olivia,Taylor,399 Example St,London,7000000399
400,David,Walker,400 Example St,Liverpool,7000000400
401,Olivia,Roberts,401 Example St,Birmingham,7000000401
402,Olivia,Taylor,402 Example St,Leeds,7000000402
403,Sophia,Johnson,403 Example St,Leeds,7000000403
404,Mark,Smith,404 Example St,Leeds,7000000404
405,John,Wilson,405 Example St,Liverpool,7000000405
406,Olivia,Smith,406 Example St,Birmingham,7000000406
407,Mark,Wilson,407 Example St,Leeds,7000000407
408,John,Thomas,408 Example St,London,7000000408
409,Jane,Roberts,409 Example St,Manchester,7000000409
410,Liam,Taylor,410 Example St,Sheffield,7000000410
411,Sophia,Thomas,411 Example St,Sheffield,7000000411
412,Liam,Walker,412 Example St,Manchester,7000000412
413,Noah,Brown,413 Example St,Liverpool,7000000413
414,Sophia,Brown,414 Example St,Liverpool,7000000414
415,Emma,Evans,415 Example St,Manchester,7000000415
416,Liam,Smith,416 Example St,Leeds,7000000416
417,Mark,Walker,417 Example St,Manchester,7000000417
418,John,Smith,418 Example St,Leeds,7000000418
419,Jane,Roberts,419 Example St,Manchester,7000000419
420,Mark,Roberts,420 Example St,Leeds,7000000420
421,Mark,Evans,421 Example St,Birmingham,7000000421
422,John,Walker,422 Example St,Liverpool,7000000422
423,Jane,Taylor,423 Example St,Manchester,7000000423
424,Mark,Thomas,424 Example St,Birmingham,7000000424
425,John,Johnson,425 Example St,Liverpool,7000000425
426,Mark,Evans,426 Example St,Birmingham,7000000426
427,Noah,Taylor,427 Example St,London,7000000427
428,Sophia,Evans,428 Example St,Sheffield,7000000428
429,Mark,Smith,429 Example St,London,7000000429
430,Emma,Johnson,430 Example St,Sheffield,7000000430
431,Mark,Thomas,431 Example St,Birmingham,7000000431
432,Noah,Roberts,432 Example St,Leeds,7000000432
433,John,Johnson,433 Example St,Sheffield,7000000433
434,Noah,Evans,434 Example St,Sheffield,7000000434
435,David,Walker,435 Example St,Sheffield,7000000435
436,Noah,Brown,436 Example St,Manchester,7000000436
437,David,Thomas,437 Example St,Liverpool,7000000437
438,Sophia,Smith,438 Example St,Sheffield,7000000438
439,Liam,Brown,439 Example St,Birmingham,7000000439
440,John,Wilson,440 Example St,Birmingham,7000000440
441,Emma,Thomas,441 Example St,Birmingham,7000000441
442,Noah,Wilson,442 Example St,Birmingham,7000000442
443,Sophia,Wilson,443 Example St,Manchester,7000000443
444,Alice,Smith,444 Example St,London,7000000444
445,Olivia,Evans,445 Example St,Sheffield,7000000445
446,Emma,Brown,446 Example St,Birmingham,7000000446
447,Alice,Thomas,447 Example St,Liverpool,7000000447
448,Emma,Walker,448 Example St,Leeds,7000000448
449,Noah,Taylor,449 Example St,Liverpool,7000000449
450,Sophia,Brown,450 Example St,Liverpool,7000000450
451,Mark,Smith,451 Example St,London,7000000451
452,David,Thomas,452 Example St,Sheffield,7000000452
453,Emma,Johnson,453 Example St,Birmingham,7000000453
454,Mark,Walker,454 Example St,Sheffield,7000000454
455,Sophia,Walker,455 Example St,Birmingham,7000000455
456,Sophia,Brown,456 Example St,Leeds,7000000456
457,Olivia,Wilson,457 Example St,Birmingham,7000000457
458,Olivia,Evans,458 Example St,Manchester,7000000458
459,John,Brown,459 Example St,Leeds,7000000459
460,Sophia,Davies,460 Example St,Birmingham,7000000460
461,Mark,Taylor,461 Example St,Sheffield,7000000461
462,Sophia,Brown,462 Example St,Birmingham,7000000462
463,Jane,Davies,463 Example St,Leeds,7000000463
464,Emma,Wilson,464 Example St,Leeds,7000000464
465,Jane,Brown,465 Example St,Manchester,7000000465
466,Mark,Brown,466 Example St,Sheffield,7000000466
467,Emma,Johnson,467 Example St,London,7000000467
468,Mark,Thomas,468 Example St,London,7000000468
469,Olivia,Smith,469 Example St,Birmingham,7000000469
470,David,Davies,470 Example St,Leeds,7000000470
471,Jane,Smith,471 Example St,London,7000000471
472,Olivia,Thomas,472 Example St,Leeds,7000000472
473,John,Wilson,473 Example St,Birmingham,7000000473
474,David,Evans,474 Example St,Liverpool,7000000474
475,Liam,Roberts,475 Example St,London,7000000475
476,Liam,Johnson,476 Example St,Birmingham,7000000476
477,Olivia,Taylor,477 Example St,Manchester,7000000477
478,David,Brown,478 Example St,Sheffield,7000000478
479,Sophia,Johnson,479 Example St,London,7000000479
480,Alice,Davies,480 Example St,Leeds,7000000480
481,Emma,Evans,481 Example St,Leeds,7000000481
482,Sophia,Roberts,482 Example St,Leeds,7000000482
483,David,Walker,483 Example St,London,7000000483
484,John,Roberts,484 Example St,Birmingham,7000000484
485,John,Wilson,485 Example St,Birmingham,7000000485
486,Alice,Wilson,486 Example St,Manchester,7000000486
487,Liam,Wilson,487 Example St,Birmingham,7000000487
488,Olivia,Brown,488 Example St,Manchester,7000000488
489,Olivia,Taylor,489 Example St,Birmingham,7000000489
490,Olivia,Davies,490 Example St,Manchester,7000000490
491,Alice,Roberts,491 Example St,Manchester,7000000491
492,David,Evans,492 Example St,Sheffield,7000000492
493,Mark,Evans,493 Example St,Leeds,7000000493
494,Olivia,Brown,494 Example St,Sheffield,7000000494
495,Liam,Evans,495 Example St,Manchester,7000000495
496,Noah,Thomas,496 Example St,Manchester,7000000496
497,Noah,Brown,497 Example St,Manchester,7000000497
498,John,Johnson,498 Example St,Sheffield,7000000498
499,Liam,Wilson,499 Example St,Leeds,7000000499
500,Jane,Evans,500 Example St,Liverpool,7000000500
501,Liam,Smith,501 Example St,Sheffield,7000000501
502,Emma,Taylor,502 Example St,Manchester,7000000502
503,David,Davies,503 Example St,Sheffield,7000000503
504,Sophia,Johnson,504 Example St,London,7000000504
505,Jane,Smith,505 Example St,Manchester,7000000505
506,Alice,Thomas,506 Example St,Liverpool,7000000506
507,Noah,Roberts,507 Example St,Liverpool,7000000507
508,Alice,Walker,508 Example St,London,7000000508
509,Emma,Evans,509 Example St,Birmingham,7000000509
510,David,Brown,510 Example St,London,7000000510
511,Liam,Walker,511 Example St,London,7000000511
512,Noah,Davies,512 Example St,Liverpool,7000000512
513,Mark,Davies,513 Example St,Manchester,7000000513
514,Olivia,Davies,514 Example St,Birmingham,7000000514
515,David,Thomas,515 Example St,Manchester,7000000515
516,Sophia,Thomas,516 Example St,Leeds,7000000516
517,John,Taylor,517 Example St,Sheffield,7000000517
518,Mark,Taylor,518 Example St,Liverpool,7000000518
519,Emma,Roberts,519 Example St,London,7000000519
520,David,Johnson,520 Example St,Leeds,7000000520
521,David,Thomas,521 Example St,Leeds,7000000521
522,Mark,Taylor,522 Example St,Birmingham,7000000522
523,Liam,Wilson,523 Example St,Sheffield,7000000523
524,David,Thomas,524 Example St,Leeds,7000000524
525,Liam,Roberts,525 Example St,Liverpool,7000000525
526,Jane,Johnson,526 Example St,Liverpool,7000000526
527,Alice,Johnson,527 Example St,Birmingham,7000000527
528,Olivia,Brown,528 Example St,Liverpool,7000000528
529,John,Walker,529 Example St,Birmingham,7000000529
530,Olivia,Johnson,530 Example St,Birmingham,7000000530
531,Olivia,Roberts,531 Example St,Birmingham,7000000531
532,John,Davies,532 Example St,Birmingham,7000000532
533,Olivia,Walker,533 Example St,Manchester,7000000533
534,Alice,Wilson,534 Example St,Liverpool,7000000534
535,Olivia,Evans,535 Example St,Birmingham,7000000535
536,Olivia,Thomas,536 Example St,London,7000000536
537,Olivia,Walker,537 Example St,London,7000000537
538,John,Brown,538 Example St,Leeds,7000000538
539,David,Walker,539 Example St,Liverpool,7000000539
540,Jane,Brown,540 Example St,Manchester,7000000540
541,Sophia,Wilson,541 Example St,Birmingham,7000000541
542,David,Wilson,542 Example St,Manchester,7000000542
543,John,Thomas,543 Example St,Birmingham,7000000543
544,David,Taylor,544 Example St,Leeds,7000000544
545,Olivia,Thomas,545 Example St,Liverpool,7000000545
546,Emma,Wilson,546 Example St,Manchester,7000000546
547,John,Smith,547 Example St,Sheffield,7000000547
548,John,Wilson,548 Example St,Sheffield,7000000548
549,Jane,Taylor,549 Example St,Manchester,7000000549
550,Alice,Roberts,550 Example St,London,7000000550
551,Olivia,Roberts,551 Example St,Liverpool,7000000551
552,Sophia,Taylor,552 Example St,Liverpool,7000000552
553,Jane,Walker,553 Example St,London,7000000553
554,John,Thomas,554 Example St,Leeds,7000000554
555,Olivia,Davies,555 Example St,Sheffield,7000000555
556,Emma,Wilson,556 Example St,Birmingham,7000000556
557,Liam,Evans,557 Example St,Leeds,7000000557
558,Noah,Taylor,558 Example St,Birmingham,7000000558
559,Liam,Smith,559 Example St,Manchester,7000000559
560,David,Wilson,560 Example St,Liverpool,7000000560
561,David,Roberts,561 Example St,London,7000000561
562,Sophia,Taylor,562 Example St,Sheffield,7000000562
563,Liam,Davies,563 Example St,Liverpool,7000000563
564,John,Brown,564 Example St,Birmingham,7000000564
565,Sophia,Roberts,565 Example St,Birmingham,7000000565
566,Olivia,Wilson,566 Example St,Liverpool,7000000566
567,Alice,Evans,567 Example St,Birmingham,7000000567
568,Noah,Thomas,568 Example St,Birmingham,7000000568
569,Liam,Brown,569 Example St,Birmingham,7000000569
570,David,Thomas,570 Example St,Liverpool,7000000570
571,Jane,Wilson,571 Example St,Birmingham,7000000571
572,Emma,Brown,572 Example St,London,7000000572
573,David,Evans,573 Example St,Liverpool,7000000573
574,Mark,Johnson,574 Example St,London,7000000574
575,Noah,Johnson,575 Example St,Sheffield,7000000575
576,Sophia,Roberts,576 Example St,Sheffield,7000000576
577,Alice,Johnson,577 Example St,Manchester,7000000577
578,Jane,Taylor,578 Example St,Birmingham,7000000578
579,Sophia,Smith,579 Example St,Manchester,7000000579
580,Olivia,Taylor,580 Example St,Leeds,7000000580
581,Mark,Thomas,581 Example St,Liverpool,7000000581
582,Sophia,Johnson,582 Example St,Birmingham,7000000582
583,Jane,Roberts,583 Example St,London,7000000583
584,Sophia,Johnson,584 Example St,Liverpool,7000000584
585,Alice,Roberts,585 Example St,Sheffield,7000000585
586,John,Johnson,586 Example St,Manchester,7000000586
587,Jane,Johnson,587 Example St,Leeds,7000000587
588,Olivia,Thomas,588 Example St,London,7000000588
589,Jane,Brown,589 Example St,Liverpool,7000000589
590,Sophia,Johnson,590 Example St,London,7000000590
591,Noah,Taylor,591 Example St,Sheffield,7000000591
592,John,Thomas,592 Example St,Sheffield,7000000592
593,David,Wilson,593 Example St,London,7000000593
594,Mark,Roberts,594 Example St,Birmingham,7000000594
595,Olivia,Davies,595 Example St,Liverpool,7000000595
596,Liam,Taylor,596 Example St,Manchester,7000000596
597,Alice,Walker,597 Example St,Manchester,7000000597
598,Jane,Smith,598 Example St,Leeds,7000000598
599,Noah,Taylor,599 Example St,Sheffield,7000000599
600,David,Taylor,600 Example St,Birmingham,7000000600
